city,date,price_local,currency,hpi,income,median_multiple,country,rate,monthly_payment,mdsr
London,2019-01,503232.0,GBP,88.2,,,UK,1.72,2065.040395628036,
London,2019-02,498951.0,GBP,87.4,,,UK,1.7,2042.713001518923,
London,2019-03,496910.0,GBP,87.0,,,UK,1.7,2034.357116399743,
London,2019-04,502664.0,GBP,88.1,,,UK,1.66,2048.343617841451,
London,2019-05,496339.0,GBP,86.9,,,UK,1.65,2020.2111121381697,
London,2019-06,503716.0,GBP,88.2,47000.0,10.71736170212766,UK,1.64,2047.845538869329,0.5228541801368499
London,2019-07,512265.0,GBP,89.7,47204.91803278688,10.85194130925508,UK,1.61,2075.315144960575,0.5275675242615526
London,2019-08,506081.0,GBP,88.7,47416.666666666664,10.673061511423551,UK,1.59,2045.4720269338168,0.5176590015438833
London,2019-09,510810.0,GBP,89.5,47628.41530054645,10.724900183570446,UK,1.55,2054.936693344659,0.5177421957990903
London,2019-10,506016.0,GBP,88.6,47833.333333333336,10.578731707317072,UK,1.47,2016.6170780348991,0.505910904594121
London,2019-11,501829.0,GBP,87.9,48045.08196721312,10.444960846199775,UK,1.41,1985.8454984710074,0.4959955318197653
London,2019-12,512959.0,GBP,89.9,48250.0,10.631274611398965,UK,1.42,2032.284517582694,0.5054386364972503
London,2020-01,509527.0,GBP,89.3,48461.74863387978,10.514003608276484,UK,1.41,2016.3081434102794,0.49927413688098027
London,2020-02,507956.0,GBP,89.0,48673.497267759565,10.435987313705128,UK,1.4,2007.7212472161916,0.4949850805677124
London,2020-03,516654.0,GBP,90.5,48871.58469945355,10.571664560854252,UK,1.4,2042.1005229965474,0.5014203330352119
London,2020-04,509754.0,GBP,89.3,49083.333333333336,10.385480475382003,UK,1.38,2010.0761676730438,0.49142778971972545
London,2020-05,506613.0,GBP,88.7,49288.25136612022,10.278575237672884,UK,1.42,2007.1423959928986,0.48867038461159185
London,2020-06,513833.0,GBP,90.0,49500.0,10.380464646464649,UK,1.41,2033.3479133646185,0.49293282748233175
London,2020-07,517966.0,GBP,90.7,49582.191780821915,10.446613620665838,UK,1.45,2059.3880818265434,0.49841800239813566
London,2020-08,523954.0,GBP,91.8,49667.12328767123,10.549312408638333,UK,1.6,2120.189677910698,0.5122558837878951
London,2020-09,528003.0,GBP,92.5,49752.05479452055,10.612687298659104,UK,1.75,2174.2588867779305,0.5244226946825262
London,2020-10,520515.0,GBP,91.2,49834.24657534246,10.444925643915449,UK,1.94,2191.0526049805076,0.5276016608381002
London,2020-11,529444.0,GBP,92.7,49919.17808219178,10.606023983974096,UK,1.92,2223.508247561715,0.5345059753750069
London,2020-12,529060.0,GBP,92.7,50001.3698630137,10.580910112051724,UK,1.86,2206.559618341551,0.5295597999143034
London,2021-01,529101.0,GBP,92.7,50086.30136986302,10.5637866148839,UK,1.75,2178.780331272909,0.5220062823606018
London,2021-02,525153.0,GBP,92.0,50171.232876712325,10.467213378839592,UK,1.61,2127.5276943017393,0.5088639618316242
London,2021-03,534311.0,GBP,93.6,50247.94520547945,10.633489544996047,UK,1.56,2151.9993092725017,0.5139312981987163
London,2021-04,523423.0,GBP,91.7,50332.87671232877,10.3992267914977,UK,1.49,2090.900323089025,0.49849731459760654
London,2021-05,522672.0,GBP,91.6,50415.06849315069,10.36737657256202,UK,1.47,2082.995955484919,0.495803183709151
London,2021-06,538199.0,GBP,94.3,50500.0,10.65740594059406,UK,1.39,2124.748821583055,0.5048908090890428
London,2021-07,529788.0,GBP,92.8,50541.09589041096,10.482321181731942,UK,1.29,2066.9413451824325,0.49075501243523806
London,2021-08,545831.0,GBP,95.6,50583.561643835616,10.790679467042192,UK,1.23,2114.414097855838,0.5016050343177474
London,2021-09,541876.0,GBP,94.9,50626.02739726027,10.703506236978107,UK,1.2,2091.6141940490706,0.4957799696909884
London,2021-10,539606.0,GBP,94.5,50667.12328767123,10.650022440316867,UK,1.29,2105.245780403693,0.49860634915879504
London,2021-11,547647.0,GBP,95.9,50709.58904109589,10.799673402128697,UK,1.53,2197.9670247827776,0.5201305077826228
London,2021-12,547837.0,GBP,96.0,50750.68493150685,10.794672047074066,UK,1.57,2209.062995558337,0.5223329691505894
London,2022-01,550635.0,GBP,96.5,50793.150684931505,10.840733299172038,UK,1.64,2238.5936287418167,0.5288729520153811
London,2022-02,551066.0,GBP,96.5,50835.61643835616,10.840155753166265,UK,1.78,2277.1466144840924,0.5375317796518634
London,2022-03,550480.0,GBP,96.4,50873.97260273973,10.820464214551134,UK,2.14,2370.934843662576,0.5592489964587259
London,2022-04,554765.0,GBP,97.2,50916.438356164384,10.895597137399443,UK,2.35,2447.0686098947363,0.5767257936096718
London,2022-05,554380.0,GBP,97.1,50957.53424657534,10.87925481867792,UK,2.63,2523.492386330626,0.5942577301609259
London,2022-06,572418.0,GBP,100.3,51000.0,11.223882352941176,UK,2.87,2675.924996924095,0.6296294110409635
London,2022-07,575261.0,GBP,100.8,51041.09589041096,11.27054562533548,UK,3.48,2873.7254314513702,0.6756262689080517
London,2022-08,581320.0,GBP,101.8,51083.561643835616,11.379786007347615,UK,3.6,2941.4949679553724,0.690984310404362
London,2022-09,579330.0,GBP,101.5,51126.02739726027,11.331410428165691,UK,4.17,3112.557974482616,0.7305612736848968
London,2022-10,573946.0,GBP,100.5,51167.12328767123,11.217085564360676,UK,5.99,3694.4344964236284,0.8664394460449504
London,2022-11,575480.0,GBP,100.8,51209.58904109589,11.237739079260626,UK,5.98,3700.7932986653377,0.8672110129285601
London,2022-12,572384.0,GBP,100.3,51250.68493150685,11.168319033491032,UK,5.43,3491.051116577061,0.8174059225727703
London,2023-01,570869.0,GBP,100.0,51293.150684931505,11.129536641384467,UK,5.14,3383.972886543098,0.7916783058999449
London,2023-02,563875.0,GBP,98.8,51335.61643835616,10.98408939292862,UK,4.79,3227.7357674224795,0.7545020766543273
London,2023-03,555361.0,GBP,97.3,51373.97260273973,10.810162653654375,UK,4.74,3163.0160459446433,0.7388214426172593
London,2023-04,557147.0,GBP,97.6,51416.438356164384,10.83597032024298,UK,4.6,3128.512561012249,0.7301585238574972
London,2023-05,554900.0,GBP,97.2,51457.53424657534,10.783649238632734,UK,4.72,3154.013896760577,0.7355223547977493
London,2023-06,556107.0,GBP,97.4,51500.0,10.79819417475728,UK,5.49,3411.663291306347,0.7949506698189547
London,2023-07,559703.0,GBP,98.0,51540.983606557376,10.859377544529265,UK,6.22,3681.8169627092384,0.8572169264323035
London,2023-08,560630.0,GBP,98.2,51583.333333333336,10.86843295638126,UK,6.18,3674.083608224834,0.8547141188762134
London,2023-09,565702.0,GBP,99.1,51625.68306010929,10.957763006086267,UK,5.91,3613.7672308480874,0.8399928911291241
London,2023-10,555122.0,GBP,97.2,51666.666666666664,10.744296774193549,UK,5.6,3442.1656873709353,0.7994707402926043
London,2023-11,547757.0,GBP,96.0,51709.016393442624,10.5930655464849,UK,5.28,3292.1232669575697,0.7639959519419643
London,2023-12,549112.0,GBP,96.2,51750.0,10.610859903381645,UK,5.03,3219.6591872857316,0.746587637631474
London,2024-01,551097.0,GBP,96.5,51792.34972677596,10.640509706689176,UK,4.71,3129.233962345523,0.7250261427844238
London,2024-02,546247.0,GBP,95.7,51834.69945355191,10.53824958490367,UK,4.76,3117.3916505539946,0.7216922293563053
London,2024-03,547437.0,GBP,95.9,51874.31693989071,10.55314136732329,UK,4.96,3187.5171169822047,0.7373630663534101
London,2024-04,548467.0,GBP,96.1,51916.666666666664,10.564372391653292,UK,4.98,3199.8956878601725,0.7396227593127847
London,2024-05,553592.0,GBP,97.0,51957.65027322404,10.654677359135489,UK,5.19,3297.8203708624383,0.7616557762378897
London,2024-06,556853.0,GBP,97.5,52000.0,10.708711538461538,UK,5.16,3307.4274001665676,0.7632524769615157
London,2024-07,557831.0,GBP,97.7,52000.0,10.72751923076923,UK,4.99,3257.7752314187655,0.7517942841735613
London,2024-08,567121.0,GBP,99.3,52000.0,10.906173076923077,UK,4.8,3249.5861012431747,0.7499044849022711
London,2024-09,566882.0,GBP,99.3,52000.0,10.901576923076924,UK,4.58,3176.710592337548,0.7330870597702034
London,2024-10,560909.0,GBP,98.3,52000.0,10.78671153846154,UK,4.4,3085.962681375581,0.7121452341635957
London,2024-11,559925.0,GBP,98.1,52000.0,10.767788461538462,UK,4.53,3121.7871308862477,0.7204124148199033
London,2024-12,556882.0,GBP,97.5,52000.0,10.70926923076923,UK,4.6,3127.024523153895,0.721621043804745
New York,2019-01,432541.994842799,USD,201.596706685941,,,USA,4.464,2182.38422888403,
New York,2019-02,433734.61280429666,USD,202.15255526536,,,USA,4.37,2164.294034265874,
New York,2019-03,431017.3043780017,USD,200.886087647597,,,USA,4.265,2124.1327138039333,
New York,2019-04,430556.5102660349,USD,200.67132335525,,,USA,4.1425,2091.070937985825,
New York,2019-05,430564.7302558302,USD,200.675154481225,,,USA,4.072,2073.49424177314,
New York,2019-06,429945.17618041625,USD,200.386396250333,72038.0,5.968310838452154,USA,3.8025,2003.9730846350872,0.33381933168079414
New York,2019-07,429514.3532648127,USD,200.185600762297,72145.86885245901,5.953415768589405,USA,3.765,1992.805545661062,0.3314627286121827
New York,2019-08,430946.7904447204,USD,200.85322291563,72257.33333333333,5.964056111186691,USA,3.616,1963.156097177023,0.3260274366540551
New York,2019-09,432272.4596628981,USD,201.47108326613,72368.79781420765,5.973188345240594,USA,3.605,1966.521348050507,0.32608329679857145
New York,2019-10,433883.0031945669,USD,202.221716212364,72476.66666666667,5.98651984355287,USA,3.688,1994.145913087604,0.3301717926282194
New York,2019-11,434331.8929966962,USD,202.430932211858,72588.13114754099,5.983511162642871,USA,3.695,1997.927700624181,0.33028998031040174
New York,2019-12,435940.7312176666,USD,203.180770356605,72696.0,5.996763662617841,USA,3.72,2011.4956075484351,0.33203955225296056
New York,2020-01,436921.8978446091,USD,203.638066903669,72807.46448087432,6.00105910788012,USA,3.624,1992.3420938446059,0.32837436788388163
New York,2020-02,440480.6440543334,USD,205.296707045818,72918.92896174864,6.040689987169148,USA,3.4650000000000003,1969.359158241508,0.3240901948970615
New York,2020-03,439428.71569311834,USD,204.806430273114,73023.20218579235,6.017658806239192,USA,3.45,1960.9870941481013,0.3222516190115209
New York,2020-04,438974.6893039165,USD,204.594820242405,73134.66666666667,6.002279210551081,USA,3.306,1923.9633687061914,0.3156855903876998
New York,2020-05,437796.7890463805,USD,204.045831206531,73242.53551912568,5.977357090976997,USA,3.2325,1901.116947038478,0.31147752057961614
New York,2020-06,437330.7191293146,USD,203.828607997025,73354.0,5.961920537793639,USA,3.1625,1882.3522729928295,0.30793449949442364
New York,2020-07,438988.6544453718,USD,204.601329035908,73426.0,5.978654079554542,USA,3.016,1854.5841435979899,0.30309440420526623
New York,2020-08,446106.9974822165,USD,207.919005771112,73500.4,6.069449927921706,USA,2.935,1865.2024783801635,0.3045211963548765
New York,2020-09,454200.59102629346,USD,211.691221702038,73574.8,6.1733173726098265,USA,2.89,1888.087738205379,0.3079458300731303
New York,2020-10,463538.8648949893,USD,216.043551141737,73646.8,6.294080189431031,USA,2.834,1913.044325468836,0.311711193230745
New York,2020-11,473433.3377748454,USD,220.655110645219,73721.2,6.421942911602707,USA,2.765,1936.5134592320085,0.3152168102361885
New York,2020-12,481547.60722714,USD,224.436963085557,73793.2,6.52563660645073,USA,2.684,1949.0819352781555,0.3169530962654806
New York,2021-01,489109.6287723236,USD,227.961426970159,73867.6,6.621436580751555,USA,2.735,1992.862966134817,0.32374621070154985
New York,2021-02,495251.6761720373,USD,230.824077401457,73942.0,6.697839876822879,USA,2.81,2037.5954384388244,0.33068006358045354
New York,2021-03,498950.1800567982,USD,232.547855003916,74009.2,6.741731839511821,USA,3.0825,2125.8594619090995,0.3446911133063078
New York,2021-04,503787.28476850863,USD,234.802305187719,74083.6,6.800253831732105,USA,3.06,2140.3245047195255,0.34668798568960346
New York,2021-05,509541.9291472908,USD,237.484397027918,74155.6,6.871253541840276,USA,2.9625,2137.957747384938,0.34596838227482823
New York,2021-06,513941.7833501156,USD,239.535055987657,74230.0,6.923639813419313,USA,2.975,2159.875911962101,0.34916490561154806
New York,2021-07,519378.6766523168,USD,242.069052217838,74660.1095890411,6.956575332010406,USA,2.868,2152.9202221534515,0.3460354238434387
New York,2021-08,524231.01667433616,USD,244.330603188201,75104.55616438357,6.980016172746381,USA,2.8425,2165.8988568952236,0.346061379097373
New York,2021-09,528807.7903307469,USD,246.463719758107,75549.00273972603,6.999533695402219,USA,2.9,2201.0565606689283,0.34960989252262525
New York,2021-10,533576.796232375,USD,248.686430836793,75979.11232876712,7.02267741591333,USA,3.0675,2269.0523508181195,0.35836991740568364
New York,2021-11,539392.3563809755,USD,251.396913951659,76423.5589041096,7.057932974016082,USA,3.0675,2293.783205907176,0.36016902203446016
New York,2021-12,546824.271687553,USD,254.860738662412,76853.66849315069,7.115135587005672,USA,3.098,2334.4353450922504,0.3645008064072255
New York,2022-01,553762.742417045,USD,258.094581538202,77298.11506849315,7.163987659031025,USA,3.4450000000000003,2469.6720110974416,0.38339957069986835
New York,2022-02,563055.687870806,USD,262.425784568722,77742.56164383562,7.242566696610155,USA,3.7625,2611.594027199588,0.40311417148781337
New York,2022-03,569696.5643259916,USD,265.520926401968,78143.99726027397,7.290343267551377,USA,4.172,2776.6117417234627,0.4263838819212808
New York,2022-04,577872.8442129699,USD,269.331680312132,78588.44383561643,7.3531529065737375,USA,4.9825,3095.9688269913786,0.4727365005675218
New York,2022-05,584438.4594807893,USD,272.391744840295,79018.55342465754,7.396218155752984,USA,5.2299999999999995,3220.054842214537,0.48900740942337634
New York,2022-06,589843.0875829005,USD,274.910703089988,79463.0,7.422864573234091,USA,5.522,3357.2103820539955,0.5069846920535085
New York,2022-07,590842.2970089155,USD,275.376408921967,79675.79452054795,7.415580861971078,USA,5.4125,3322.373121568602,0.5003838078896266
New York,2022-08,590826.8741978102,USD,275.369220746105,79895.68219178083,7.3949787771959326,USA,5.2225,3252.511644815948,0.4885137552753327
New York,2022-09,588355.325406942,USD,274.217295377948,80115.5698630137,7.343832496142092,USA,6.112,3569.964280550157,0.5347221699833316
New York,2022-10,587591.0646096936,USD,273.861093063233,80328.36438356164,7.314864047324459,USA,6.9,3869.8755305925242,0.5781084517714075
New York,2022-11,588160.8827145685,USD,274.126670636561,80548.25205479452,7.301969536402362,USA,6.805,3836.3280532462236,0.5715324102581126
New York,2022-12,588289.3854418742,USD,274.186562455006,80761.04657534247,7.284320973887522,USA,6.364,3665.929009210358,0.544707504124339
New York,2023-01,589541.1640945231,USD,274.769984312034,80980.93424657534,7.279999540378908,USA,6.2725,3638.53785762846,0.5391695551275761
New York,2023-02,589859.3857039672,USD,274.918299225326,81200.82191780822,7.264204619763887,USA,6.2575,3634.74344147184,0.5371487660779012
New York,2023-03,593167.7681705906,USD,276.460251261616,81399.4301369863,7.287124334560506,USA,6.544,3766.404505835884,0.5552477946586268
New York,2023-04,597134.7650129052,USD,278.309166530837,81619.31780821917,7.316096005800884,USA,6.342499999999999,3712.660336737593,0.5458502378754834
New York,2023-05,603985.2197709911,USD,281.501987424524,81832.11232876712,7.380784909283921,USA,6.425,3787.85544708711,0.5554575590378156
New York,2023-06,608703.378267412,USD,283.700999834513,82052.0,7.418507510693365,USA,6.714,3933.483267792995,0.5752668943294001
New York,2023-07,614505.3457995057,USD,286.40514778018,82356.59016393442,7.461520014079088,USA,6.84,4022.5019453117534,0.5861100277179693
New York,2023-08,621013.778963102,USD,289.438561199248,82671.33333333333,7.51183939974883,USA,7.072,4161.692764129562,0.6040825901306549
New York,2023-09,627515.788885731,USD,292.46898091079,82986.07650273223,7.561699689044471,USA,7.2,4259.503187503088,0.6159351110948615
New York,2023-10,632235.5423603836,USD,294.668736699139,83290.66666666667,7.590712953356721,USA,7.62,4472.749199649171,0.6444058205295917
New York,2023-11,635445.2752617786,USD,296.164710708548,83605.40983606558,7.600528201557373,USA,7.442,4417.9157945908,0.6341095586881517
New York,2023-12,637988.9216099251,USD,297.350238895115,83910.0,7.603252551661603,USA,6.815,4165.587057799424,0.5957221391204037
New York,2024-01,640000.0000000001,USD,298.287550844383,84224.7431693989,7.59871714553983,USA,6.6425,4105.398485864322,0.5849205349464464
New York,2024-02,646714.3416837911,USD,301.416932932493,84539.48633879781,7.64984943357757,USA,6.776000000000001,4205.760023408364,0.5969887264117254
New York,2024-03,650801.6594092252,USD,303.321926672872,84833.92349726777,7.671478962424572,USA,6.82,4251.413698686894,0.6013745714105257
New York,2024-04,655414.7257415043,USD,305.471958326213,85148.66666666667,7.697298752865627,USA,6.9925,4357.189716478464,0.6140586652099649
New York,2024-05,661860.7090299698,USD,308.476265463557,85453.2568306011,7.745295306204821,USA,7.06,4430.078229240925,0.6221054728935035
New York,2024-06,664694.0942815554,USD,309.796833506204,85768.0,7.749907824381534,USA,6.9175,4385.459376180959,0.61357980265567
New York,2024-07,668792.4108871485,USD,311.706953541934,85768.0,7.7976915736305905,USA,6.8475,4381.207907857321,0.6129849698522508
New York,2024-08,671750.5556004728,USD,313.085668763154,85768.0,7.832181648172662,USA,6.5,4245.920459586921,0.5940565888798043
New York,2024-09,676081.6003621994,USD,315.104257410924,85768.0,7.882678858807473,USA,6.18,4132.0198123117,0.5781204848864424
New York,2024-10,679841.2790923088,USD,316.856547036496,85768.0,7.926514307111146,USA,6.428,4264.918945938498,0.5967147112123633
New York,2024-11,683541.7674677456,USD,318.581249559054,85768.0,7.969659633753213,USA,6.805,4458.457770940547,0.623793177540418
New York,2024-12,686573.9761089517,USD,319.994484073483,85768.0,8.00501324630342,USA,6.715,4437.144148693044,0.6208111391698131
Toronto,2019-01,760000.0,CAD,238.6,,,Canada,4.59,4263.24454108606,
Toronto,2019-02,753900.0,CAD,236.7,,,Canada,4.52,4198.983963029617,
Toronto,2019-03,752700.0,CAD,236.3,,,Canada,4.44,4158.1583226436705,
Toronto,2019-04,756200.0,CAD,237.4,,,Canada,4.33,4130.571700312896,
Toronto,2019-05,759500.0,CAD,238.5,,,Canada,4.3,4135.793521108068,
Toronto,2019-06,767900.0,CAD,241.1,93000.0,8.256989247311829,Canada,4.23,4151.412222758113,0.5356660932591113
Toronto,2019-07,774000.0,CAD,243.0,93163.9344262295,8.307935949322541,Canada,4.14,4145.525453221016,0.5339652704131239
Toronto,2019-08,779600.0,CAD,244.8,93333.33333333331,8.352857142857143,Canada,4.08,4149.5307514371025,0.533511096613342
Toronto,2019-09,785000.0,CAD,246.5,93502.73224043717,8.395476594003858,Canada,4.07,4173.920206507839,0.5356746404939053
Toronto,2019-10,793300.0,CAD,249.1,93666.66666666669,8.469395017793595,Canada,4.09,4226.852231602715,0.5415184353654722
Toronto,2019-11,798300.0,CAD,250.6,93836.0655737705,8.507389937106918,Canada,4.09,4253.493175959218,0.543947764640487
Toronto,2019-12,801500.0,CAD,251.6,94000.0,8.52659574468085,Canada,4.08,4266.096584500819,0.5446080746171258
Toronto,2020-01,804900.0,CAD,252.7,94169.39890710382,8.54736261823246,Canada,4.08,4284.19356314998,0.5459344899133846
Toronto,2020-02,813700.0,CAD,255.5,94338.79781420765,8.625295412418907,Canada,4.08,4331.032802006633,0.5509121891338372
Toronto,2020-03,817900.0,CAD,256.8,94497.26775956283,8.655276701555541,Canada,3.9,4272.14502917733,0.5425102922612282
Toronto,2020-04,806400.0,CAD,253.2,94666.66666666669,8.518309859154929,Canada,3.95,4234.244994041564,0.5367352809348459
Toronto,2020-05,811700.0,CAD,254.9,94830.60109289618,8.559473320271984,Canada,3.86,4221.955480863979,0.5342522897301658
Toronto,2020-06,831200.0,CAD,261.0,95000.0,8.749473684210527,Canada,3.77,4282.511923109766,0.5409488744980757
Toronto,2020-07,850600.0,CAD,267.1,95139.72602739726,8.94053446984968,Canada,3.64,4322.437118929127,0.5451901912373891
Toronto,2020-08,870400.0,CAD,273.3,95284.1095890411,9.13478652163537,Canada,3.57,4390.172378331677,0.5528945882707733
Toronto,2020-09,877900.0,CAD,275.6,95428.49315068492,9.19955844439213,Canada,3.51,4399.684032462979,0.5532541345506597
Toronto,2020-10,886300.0,CAD,278.3,95568.2191780822,9.274003508932871,Canada,3.45,4413.295468293467,0.5541543629774723
Toronto,2020-11,900700.0,CAD,282.8,95712.60273972603,9.410463974627238,Canada,3.42,4470.5643149039615,0.5604985157987054
Toronto,2020-12,912800.0,CAD,286.6,95852.32876712328,9.522981984273756,Canada,3.34,4491.739636515609,0.5623324579744061
Toronto,2021-01,929600.0,CAD,291.9,95996.71232876711,9.683664965695172,Canada,3.3,4554.682722980034,0.5693548388258888
Toronto,2021-02,950500.0,CAD,298.4,96141.09589041096,9.886510978442072,Canada,3.25,4631.940721856706,0.578142865415624
Toronto,2021-03,966800.0,CAD,303.5,96271.50684931508,10.04243136562974,Canada,3.26,4716.482040459104,0.587897565310747
Toronto,2021-04,981600.0,CAD,308.2,96415.8904109589,10.180894412903006,Canada,3.25,4783.496067937446,0.5953578043057194
Toronto,2021-05,1005100.0,CAD,315.6,96555.61643835616,10.409544644579883,Canada,3.25,4898.015380892347,0.6087288004445868
Toronto,2021-06,1018300.0,CAD,319.7,96700.0,10.530506721820062,Canada,3.26,4967.72203330524,0.6164701592519429
Toronto,2021-07,1037200.0,CAD,325.7,96469.86301369865,10.751544239808018,Canada,3.2,5027.0903997133055,0.6253257018515052
Toronto,2021-08,1053600.0,CAD,330.8,96232.05479452056,10.948534791756227,Canada,3.2,5106.577752736153,0.6367829634697051
Toronto,2021-09,1083800.0,CAD,340.3,95994.24657534246,11.290259975626393,Canada,3.22,5264.3732400821755,0.658086095101588
Toronto,2021-10,1114600.0,CAD,350.0,95764.1095890411,11.639015961022949,Canada,3.29,5455.207414803507,0.6835806155204244
Toronto,2021-11,1144100.0,CAD,359.2,95526.301369863,11.976806215601528,Canada,3.4,5666.458150208042,0.7118196436730106
Toronto,2021-12,1165900.0,CAD,366.1,95296.16438356164,12.234490312824333,Canada,3.45,5805.552506468864,0.7310538732411321
Toronto,2022-01,1220000.0,CAD,383.0,95058.35616438356,12.834221516415296,Canada,3.44,6068.419792853722,0.7660666610762331
Toronto,2022-02,1259200.0,CAD,395.4,94820.54794520549,13.279822014186855,Canada,3.58,6358.007126577561,0.8046366233089098
Toronto,2022-03,1238500.0,CAD,388.9,94605.75342465754,13.09116998879271,Canada,3.77,6381.00459188095,0.8093805326919375
Toronto,2022-04,1206700.0,CAD,378.9,94367.94520547944,12.787181043017275,Canada,4.19,6496.68081431878,0.8261297795779348
Toronto,2022-05,1169700.0,CAD,367.3,94137.80821917808,12.425400825953208,Canada,4.63,6588.183320203833,0.839813474925795
Toronto,2022-06,1137500.0,CAD,357.1,93900.0,12.11395101171459,Canada,5.05,6682.890623847697,0.8540435302041786
Toronto,2022-07,1106400.0,CAD,347.4,93957.53424657536,11.775532519791804,Canada,5.51,6800.872952072285,0.8685889437104085
Toronto,2022-08,1090200.0,CAD,342.3,94016.98630136986,11.595776921687133,Canada,5.58,6746.966508348917,0.8611592573352602
Toronto,2022-09,1080800.0,CAD,339.3,94076.43835616438,11.488530166375927,Canada,5.64,6727.722836261997,0.8581604006892545
Toronto,2022-10,1071400.0,CAD,336.4,94133.97260273973,11.381650751333716,Canada,5.75,6740.245995556307,0.8592323229363171
Toronto,2022-11,1064200.0,CAD,334.1,94193.42465753424,11.298028539350682,Canada,5.88,6778.805238379378,0.8636023497001705
Toronto,2022-12,1051600.0,CAD,330.2,94250.9589041096,11.157446165294637,Canada,5.89,6704.9396143628655,0.8536706290088062
Toronto,2023-01,1035800.0,CAD,325.2,94310.4109589041,10.98288078133125,Canada,5.86,6585.312810800212,0.8379112435851568
Toronto,2023-02,1032000.0,CAD,324.0,94369.86301369865,10.9356945855712,Canada,5.81,6529.848513948586,0.8303305702161359
Toronto,2023-03,1041000.0,CAD,326.8,94423.56164383562,11.024790654758796,Canada,5.81,6586.794867267905,0.8370954985298951
Toronto,2023-04,1066800.0,CAD,334.9,94483.01369863014,11.290918422677992,Canada,5.75,6711.307101044867,0.8523826882726334
Toronto,2023-05,1091300.0,CAD,342.6,94540.54794520549,11.543195207970486,Canada,5.74,6858.844995544714,0.870590891796398
Toronto,2023-06,1105600.0,CAD,347.1,94600.0,11.687103594080336,Canada,5.85,7022.3670387603825,0.8907865165446575
Toronto,2023-07,1111700.0,CAD,349.0,94575.40983606558,11.754641105198385,Canada,5.99,7155.904614152111,0.9079617579101326
Toronto,2023-08,1105300.0,CAD,347.0,94550.0,11.690111052353252,Canada,6.17,7236.763825151643,0.9184681745300868
Toronto,2023-09,1094300.0,CAD,343.6,94524.59016393442,11.576881720430109,Canada,6.27,7232.296486351369,0.9181479410352414
Toronto,2023-10,1076300.0,CAD,337.9,94500.0,11.38941798941799,Canada,6.42,7213.543325479247,0.9160055016481583
Toronto,2023-11,1054900.0,CAD,331.2,94474.59016393442,11.16596534760843,Canada,6.47,7102.99791730089,0.9022105823344383
Toronto,2023-12,1045100.0,CAD,328.1,94450.0,11.065113816834304,Canada,6.39,6984.923991350969,0.8874440221938764
Toronto,2024-01,1035500.0,CAD,325.1,94424.59016393442,10.966423028177571,Canada,6.31,6869.331800204428,0.8729927390665881
Toronto,2024-02,1042400.0,CAD,327.3,94399.18032786885,11.04246876275322,Canada,6.15,6812.101011501641,0.8659525628729066
Toronto,2024-03,1046000.0,CAD,328.4,94375.40983606558,11.083395577480935,Canada,6.13,6822.758436276125,0.8675257821664651
Toronto,2024-04,1042600.0,CAD,327.3,94350.0,11.050344462109168,Canada,6.08,6768.564254172661,0.8608666777962048
Toronto,2024-05,1035800.0,CAD,325.2,94325.40983606558,10.981134370899484,Canada,6.05,6705.36792374861,0.8530513169762824
Toronto,2024-06,1039300.0,CAD,326.3,94300.0,11.02120890774125,Canada,5.98,6683.524145587832,0.8505014819411876
Toronto,2024-07,1037300.0,CAD,325.7,94300.0,11.0,Canada,5.91,6626.3876538508275,0.8432306664497342
Toronto,2024-08,1033200.0,CAD,324.4,94300.0,10.956521739130435,Canada,5.73,6487.4459460981125,0.8255498552828987
Toronto,2024-09,1028600.0,CAD,323.0,94300.0,10.907741251325556,Canada,5.55,6347.254434053529,0.8077100022125382
Toronto,2024-10,1025200.0,CAD,321.9,94300.0,10.871686108165427,Canada,5.44,6258.943348871995,0.7964721122636685
Toronto,2024-11,1028100.0,CAD,322.8,94300.0,10.902439024390244,Canada,5.38,6239.969250143009,0.7940575928071697
Toronto,2024-12,1024500.0,CAD,321.7,94300.0,10.864262990455993,Canada,5.35,6199.884057032121,0.7889566138322954
Vancouver,2019-01,924200.0,CAD,260.6,,,Canada,4.59,5184.329743252284,
Vancouver,2019-02,905900.0,CAD,255.4,,,Canada,4.52,5045.575768813544,
Vancouver,2019-03,892200.0,CAD,251.5,,,Canada,4.44,4928.80145537755,
Vancouver,2019-04,882800.0,CAD,248.9,,,Canada,4.33,4822.095605707782,
Vancouver,2019-05,873200.0,CAD,246.2,,,Canada,4.3,4754.937330653804,
Vancouver,2019-06,871600.0,CAD,245.7,92000.0,9.47391304347826,Canada,4.23,4712.03398014842,0.6146131278454461
Vancouver,2019-07,871300.0,CAD,245.6,92024.59016393442,9.468121492829786,Canada,4.14,4666.661921694407,0.6085323820575944
Vancouver,2019-08,878000.0,CAD,247.5,92050.0,9.538294405214558,Canada,4.08,4673.278604106948,0.6092269771785266
Vancouver,2019-09,886500.0,CAD,249.9,92075.40983606558,9.627977780151692,Canada,4.07,4713.6054306614005,0.6143145631243359
Vancouver,2019-10,894300.0,CAD,252.1,92100.0,9.710097719869706,Canada,4.09,4764.99930760407,0.6208468153230059
Vancouver,2019-11,903900.0,CAD,254.8,92125.40983606558,9.811625279154397,Canada,4.09,4816.149920768555,0.6273383114611376
Vancouver,2019-12,911800.0,CAD,257.1,92150.0,9.894736842105264,Canada,4.08,4853.183862442728,0.63199355777876
Vancouver,2020-01,917100.0,CAD,258.6,92175.40983606558,9.949508243370625,Canada,4.08,4881.393858572303,0.6354918997056441
Vancouver,2020-02,916800.0,CAD,258.5,92200.81967213115,9.943512468329107,Canada,4.08,4879.797066338553,0.6351089394247803
Vancouver,2020-03,911500.0,CAD,257.0,92224.59016393442,9.883481166788131,Canada,3.9,4761.0468200209525,0.6194938002835803
Vancouver,2020-04,906100.0,CAD,255.5,92250.0,9.822222222222225,Canada,3.95,4757.749738468578,0.6188942749227418
Vancouver,2020-05,907300.0,CAD,255.8,92274.59016393442,9.832609371530092,Canada,3.86,4719.206859415902,0.6137169746555523
Vancouver,2020-06,911900.0,CAD,257.1,92300.0,9.879739978331529,Canada,3.77,4698.294781862121,0.6108292240774156
Vancouver,2020-07,923700.0,CAD,260.4,92119.17808219178,10.027227980430354,Canada,3.64,4693.904498888825,0.6114563238548353
Vancouver,2020-08,939300.0,CAD,264.8,91932.32876712328,10.217298012534531,Canada,3.57,4737.694065908713,0.6184149749422644
Vancouver,2020-09,952300.0,CAD,268.5,91745.4794520548,10.379802968904444,Canada,3.51,4772.547105723311,0.6242331023907146
Vancouver,2020-10,960900.0,CAD,270.9,91564.65753424658,10.49422370897427,Canada,3.45,4784.763190210079,0.627066816266375
Vancouver,2020-11,974100.0,CAD,274.6,91377.80821917808,10.660137499287918,Canada,3.42,4834.880314364327,0.6349305690634324
Vancouver,2020-12,984300.0,CAD,277.5,91196.98630136986,10.793119815903554,Canada,3.34,4843.579452478435,0.6373341465217711
Vancouver,2021-01,994800.0,CAD,280.5,91010.13698630135,10.930650507093896,Canada,3.3,4874.1376643938665,0.642671837550691
Vancouver,2021-02,1010900.0,CAD,285.0,90823.28767123289,11.130405272921978,Canada,3.25,4926.279721962067,0.6508832500925733
Vancouver,2021-03,1040600.0,CAD,293.4,90654.5205479452,11.478743627016916,Canada,3.26,5076.511389430849,0.6719812349672283
Vancouver,2021-04,1059400.0,CAD,298.7,90467.67123287672,11.71026053354411,Canada,3.25,5162.628091251967,0.6847919953145637
Vancouver,2021-05,1068300.0,CAD,301.2,90286.8493150685,11.832287958925434,Canada,3.25,5205.999235307227,0.6919279086335379
Vancouver,2021-06,1074300.0,CAD,302.9,90100.0,11.923418423973365,Canada,3.26,5240.915035235018,0.6980131012521666
Vancouver,2021-07,1078700.0,CAD,304.1,89902.7397260274,11.998521994849837,Canada,3.2,5228.232177179659,0.6978517708953939
Vancouver,2021-08,1089000.0,CAD,307.0,89698.90410958904,12.140616552790004,Canada,3.2,5278.154112309862,0.7061162003756005
Vancouver,2021-09,1107700.0,CAD,312.3,89495.06849315068,12.377218305439651,Canada,3.22,5380.463404723219,0.7214426665489397
Vancouver,2021-10,1124500.0,CAD,317.0,89297.80821917808,12.592694293682522,Canada,3.29,5503.661168084105,0.7395918817504112
Vancouver,2021-11,1143300.0,CAD,322.3,89093.97260273973,12.832517920127431,Canada,3.4,5662.4959384082285,0.7626773088666743
Vancouver,2021-12,1164300.0,CAD,328.2,88896.71232876713,13.097222265026671,Canada,3.45,5797.585370341966,0.7826051450227849
Vancouver,2022-01,1195000.0,CAD,336.9,88692.87671232877,13.473460826802665,Canada,3.44,5944.066928246064,0.8042224559961497
Vancouver,2022-02,1223800.0,CAD,345.0,88489.04109589041,13.829961143706363,Canada,3.58,6179.263914791631,0.8379700588815995
Vancouver,2022-03,1235500.0,CAD,348.3,88304.93150684932,13.991291074204268,Canada,3.77,6365.54798003142,0.8650318216310734
Vancouver,2022-04,1230600.0,CAD,346.9,88101.09589041096,13.968044183363446,Canada,4.19,6625.3546118345,0.9024207308489037
Vancouver,2022-05,1225800.0,CAD,345.6,87903.83561643836,13.944783994963364,Canada,4.63,6904.159283496503,0.9425062151265761
Vancouver,2022-06,1208000.0,CAD,340.6,87700.0,13.774230330672747,Canada,5.05,7097.082965809246,0.9710945905326219
Vancouver,2022-07,1190100.0,CAD,335.5,87683.56164383562,13.572669468356011,Canada,5.51,7315.3641542491205,1.0011496819388257
Vancouver,2022-08,1171100.0,CAD,330.2,87666.57534246576,13.358569048980726,Canada,5.58,7247.635734660996,0.9920728450516171
Vancouver,2022-09,1151600.0,CAD,324.7,87649.5890410959,13.1386811118995,Canada,5.64,7168.435990228827,0.9814219647101085
Vancouver,2022-10,1149100.0,CAD,324.0,87633.1506849315,13.112617668299668,Canada,5.75,7229.061670238709,0.9899078073177269
Vancouver,2022-11,1137100.0,CAD,320.6,87616.16438356164,12.978198806125098,Canada,5.88,7243.168047886856,0.9920317464952808
Vancouver,2022-12,1127200.0,CAD,317.8,87599.72602739726,12.867620152687037,Canada,5.89,7186.960758187354,0.984518251475754
Vancouver,2023-01,1123700.0,CAD,316.8,87582.7397260274,12.830153561250889,Canada,5.86,7144.155247631008,0.9788442704549846
Vancouver,2023-02,1124000.0,CAD,316.9,87565.75342465754,12.836068394787478,Canada,5.81,7111.966792323848,0.9746230480540166
Vancouver,2023-03,1124500.0,CAD,317.0,87550.4109589041,12.844028802193025,Canada,5.81,7115.130478619365,0.9752274696175924
Vancouver,2023-04,1144800.0,CAD,322.8,87533.42465753424,13.078432661339544,Canada,5.75,7202.010094934536,0.9873270865082698
Vancouver,2023-05,1158500.0,CAD,326.6,87516.98630136986,13.23743022880881,Canada,5.74,7281.198503929764,0.9983705534178059
Vancouver,2023-06,1178700.0,CAD,332.3,87500.0,13.470857142857144,Canada,5.85,7486.671516449768,1.0267435222559682
Vancouver,2023-07,1194400.0,CAD,336.7,87696.72131147541,13.619665389288718,Canada,5.99,7688.236458705839,1.0520215137438402
Vancouver,2023-08,1200600.0,CAD,338.5,87900.0,13.658703071672354,Canada,6.17,7860.724372095416,1.0731364330505688
Vancouver,2023-09,1202900.0,CAD,339.1,88103.27868852459,13.653294382524235,Canada,6.27,7950.040613572203,1.082825619919776
Vancouver,2023-10,1200000.0,CAD,338.3,88300.0,13.590033975084935,Canada,6.42,8042.601496399791,1.0929922758414212
Vancouver,2023-11,1192900.0,CAD,336.3,88503.27868852459,13.478596699205363,Canada,6.47,8032.198516966757,1.089071316135304
Vancouver,2023-12,1183200.0,CAD,333.6,88700.0,13.33934611048478,Canada,6.39,7907.9150957482225,1.0698419520741675
Vancouver,2024-01,1179000.0,CAD,332.4,88903.27868852459,13.26160314211429,Canada,6.31,7821.286520947388,1.0557027776241428
Vancouver,2024-02,1176700.0,CAD,331.7,89106.55737704918,13.20553766902769,Canada,6.15,7689.753703217557,1.0355808501067523
Vancouver,2024-03,1180800.0,CAD,332.9,89296.72131147541,13.22332984523875,Canada,6.13,7702.020230931978,1.0350239226454825
Vancouver,2024-04,1182500.0,CAD,333.4,89500.0,13.212290502793296,Canada,6.08,7676.795732360611,1.0292910479142718
Vancouver,2024-05,1187100.0,CAD,334.7,89696.72131147541,13.23459745956319,Canada,6.05,7684.825509057709,1.0281078813177817
Vancouver,2024-06,1185800.0,CAD,334.3,89900.0,13.190211345939932,Canada,5.98,7625.635458325845,1.0178823748599573
Vancouver,2024-07,1184000.0,CAD,333.8,89900.0,13.170189098998888,Canada,5.91,7563.523553609738,1.0095915755652598
Vancouver,2024-08,1191300.0,CAD,335.9,89900.0,13.25139043381535,Canada,5.73,7480.153267118351,0.9984631724740847
Vancouver,2024-09,1183300.0,CAD,333.6,89900.0,13.162402669632923,Canada,5.55,7301.872615025803,0.9746659775340338
Vancouver,2024-10,1181800.0,CAD,333.2,89900.0,13.14571746384872,Canada,5.44,7215.001218978662,0.9630702405755723
Vancouver,2024-11,1184000.0,CAD,333.8,89900.0,13.170189098998888,Canada,5.38,7186.191607984947,0.959224686271628
Vancouver,2024-12,1188100.0,CAD,335.0,89900.0,13.21579532814238,Canada,5.35,7189.928987954966,0.9597235579027764
